Code,Category,Description
21.1,21,7
21.1,21,8
2.1,2,Combustion Systems
2.11,2,"FURNACES, OVENS & DIRECTLY FIRED OPERATIONS"
2.111,2,Operations
2.1111,2,CONTROL PRESSURE ON STEAMER OPERATIONS
2.1112,2,HEAT OIL TO PROPER TEMPERATURE FOR GOOD ATOMIZATION
2.1113,2,REDUCE COMBUSTION AIR FLOW TO OPTIMUM
2.1114,2,LIMIT AND CONTROL SECONDARY COMBUSTION AIR IN FURNACE
2.1115,2,ELIMINATE COMBUSTIBLE GAS IN FLUE GAS
2.1116,2,IMPROVE COMBUSTION CONTROL CAPABILITY
2.1117,2,RELOCATE OVEN / FURNACE TO MORE EFFICIENT LOCATION
2.112,2,Hardware
2.1121,2,USE INSULATION IN FURNACES TO FACILITATE HEATING / COOLING
2.1122,2,RE-SIZE CHARGING OPENINGS OR ADD A MOVABLE DOOR ON EQUIPMENT
2.1123,2,INSTALL AUTOMATIC STACK DAMPER
2.1124,2,REPLACE DIRECT FIRED EQUIPMENT WITH STEAM HEAT
2.1125,2,CONVERT TO OXY-FUEL BURNERS
2.113,2,Maintenance
2.1131,2,"REPAIR FAULTY INSULATION IN FURNACES, BOILERS, ETC"
2.1132,2,REPAIR FAULTY LOUVERS AND DAMPERS
2.1133,2,ADJUST BURNERS FOR EFFICIENT OPERATION
2.1134,2,ELIMINATE LEAKS IN COMBUSTIBLE GAS LINES
2.1135,2,REPAIR FURNACES AND OVEN DOORS SO THAT THEY SEAL EFFICIENTLY
2.12,2,BOILERS
2.121,2,Operation
2.1211,2,MOVE BOILER TO MORE EFFICIENT LOCATION
2.1212,2,OPERATE BOILERS ON HIGH FIRE SETTING
2.1213,2,DIRECT WARMEST AIR TO COMBUSTION INTAKE
2.122,2,Hardware
2.1221,2,REPLACE OBSOLETE BURNERS WITH MORE EFFICIENT ONES
2.1222,2,INSTALL TURBULATORS
2.1223,2,INSTALL SMALLER BOILER (INCREASE HIGH FIRE DUTY CYCLE)
2.1224,2,REPLACE BOILER
21.1,21,9
2.123,2,Maintenance
2.1231,2,ESTABLISH BURNER MAINTENANCE SCHEDULE FOR BOILERS
2.1232,2,KEEP BOILER TUBES CLEAN
2.1233,2,ANALYZE FLUE GAS FOR PROPER AIR/FUEL RATIO
2.124,2,Blowdown
2.1241,2,REDUCE EXCESSIVE BOILER BLOWDOWN
2.1242,2,MINIMIZE BOILER BLOWDOWN WITH BETTER FEEDWATER TREATMENT
2.1243,2,USE HEAT FROM BOILER BLOWDOWN TO PREHEAT BOILER FEED WATER
2.13,2,FUEL SWITCHING
2.131,2,Electric to Fossil Fuel
2.1311,2,REPLACE ELECTRICALLY-OPERATED EQUIPMENT WITH FOSSIL FUEL
2.132,2,Fossil Fuel to Electric
2.1321,2,REPLACE FOSSIL FUEL EQUIPMENT WITH ELECTRICAL EQUIPMENT
2.133,2,Alternate Fuel
2.1331,2,BURN A LESS EXPENSIVE GRADE OF FUEL
2.1332,2,CONVERT COMBUSTION EQUIPMENT TO BURN NATURAL GAS
2.1333,2,CONVERT COMBUSTION EQUIPMENT TO BURN OIL
2.1335,2,"REPLACE GASOLINE WITH DIESEL, LPG, OR NATURAL GAS"
2.1336,2,INSTALL EQUIPMENT TO UTILIZE WASTE FUEL
2.139,2,Miscellaneous
2.1391,2,REPLACE PURCHASED STEAM WITH ELECTRIC HEATING
2.1392,2,REPLACE PURCHASED STEAM WITH OTHER ENERGY SOURCE
2.1393,2,USE STEAM SPARGING OR INJECTIONS IN PLACE OF INDIRECT HEATING
2.1394,2,REPLACE STEAM JETS ON VACUUM SYSTEM WITH ELECTRIC MOTOR
21.1,21,10
2.2,2,Thermal Systems
2.21,2,STEAM
2.211,2,Traps
2.2111,2,INSTALL STEAM TRAP
2.2112,2,USE CORRECT SIZE STEAM TRAPS
2.2113,2,REPAIR OR REPLACE STEAM TRAPS
2.2114,2,SHUT OFF STEAM TRAPS ON SUPERHEATED STEAM LINES WHEN NOT IN
2.212,2,Condensate
2.2121,2,INCREASE AMOUNT OF CONDENSATE RETURNED
2.2122,2,INSTALL / REPAIR INSULATION ON CONDENSATE LINES
2.2123,2,INSULATE FEEDWATER TANK
2.2124,2,INSTALL DEAERATOR IN PLACE OF CONDENSATE TANK
2.2126,2,LOWER OPERATING PRESSURE OF CONDENSER (STEAM)
2.2127,2,FLASH CONDENSATE TO PRODUCE LOWER PRESSURE STEAM
2.2128,2,USE STEAM CONDENSATE FOR HOT WATER SUPPLY (NON-POTABLE)
2.213,2,Leaks and Insulation
2.2134,2,ELIMINATE LEAKS IN HIGH PRESSURE REDUCING STATIONS
2.2135,2,REPAIR AND ELIMINATE STEAM LEAKS
2.2136,2,INSTALL/REPAIR INSULATION ON STEAM LINES
2.214,2,Distillation
2.2141,2,OPERATE DISTILLATION COLUMNS EFFICIENTLY
2.215,2,Maintenance
2.2151,2,CLEAN STEAM COILS IN PROCESSING TANKS
2.2152,2,MAINTAIN STEAM JETS USED FOR VACUUM SYSTEM
2.2153,2,CLOSE OFF UNNEEDED STEAM LINES
2.216,2,Operations
2.2161,2,OPTIMIZE OPERATION OF MULTI-STAGE VACUUM STEAM JETS
2.2162,2,REDUCE EXCESS STEAM BLEEDING
2.2163,2,USE MINIMUM STEAM OPERATING PRESSURE
2.2164,2,TURN OFF STEAM TRACING DURING MILD WEATHER
2.2165,2,SUBSTITUTE AIR FOR STEAM TO ATOMIZE OIL
21.1,21,11
2.219,2,Miscellaneous
2.2191,2,SUBSTITUTE HOT PROCESS FLUIDS FOR STEAM
2.2192,2,USE HEAT EXCHANGE FLUIDS INSTEAD OF STEAM IN PIPELINE TRACING
2.22,2,HEATING
2.221,2,Operation
2.2211,2,USE OPTIMUM TEMPERATURE
2.2212,2,USE MINIMUM SAFE OVEN VENTILATION
2.222,2,Hardware
2.2221,2,"USE IMMERSION HEATING IN TANKS, MELTING POTS, ETC"
2.2222,2,CONVERT LIQUID HEATERS FROM UNDERFIRING TO IMMERSION OR
2.2223,2,ENHANCE SENSITIVITY OF TEMPERATURE CONTROL AND CUTOFF
2.23,2,HEAT TREATING
2.231,2,General
2.2311,2,HEAT TREAT PARTS ONLY TO REQUIRED SPECIFICATIONS OR STANDARDS
2.2312,2,MINIMIZE NON-ESSENTIAL MATERIAL IN HEAT TREATMENT PROCESS
2.2313,2,"USE BATCH FIRING WITH KILN ""FURNITURE"" SPECIFICALLY DESIGNED"
2.2314,2,REPLACE HEAT TREATING OVEN WITH MORE EFFICIENT UNIT
2.24,2,HEAT RECOVERY
2.241,2,Flue Gas - Recuperation
2.2414,2,USE WASTE HEAT FROM HOT FLUE GASES TO PREHEAT
2.242,2,Flue Gas - Other Uses
2.2421,2,INSTALL WASTE HEAT BOILER TO PROVIDE DIRECT POWER
2.2422,2,USE WASTE HEAT FROM HOT FLUE GASES TO GENERATE STEAM
2.2423,2,INSTALL WASTE HEAT BOILER TO PRODUCE STEAM
2.2424,2,USE HEAT IN FLUE GASES TO PREHEAT PRODUCTS OR MATERIALS
2.2425,2,USE FLUE GASES TO HEAT PROCESS OR SERVICE WATER
2.2426,2,USE WASTE HEAT FROM FLUE GASES TO HEAT SPACE CONDITIONING AIR
2.2427,2,USE WASTE HEAT FROM HOT FLUE GASES TO PREHEAT INCOMING FLUIDS
2.2428,2,"USE FLUE GASES IN RADIANT HEATER FOR SPACE HEATING, OVENS, ETC"
21.1,21,12
2.243,2,Heat Recovery from Specific Equipment
2.2437,2,RECOVER WASTE HEAT FROM EQUIPMENT
2.244,2,Other Process Waste Heat
2.2441,2,PREHEAT BOILER MAKEUP WATER WITH WASTE PROCESS HEAT
2.2442,2,PREHEAT COMBUSTION AIR WITH WASTE HEAT
2.2443,2,RE-USE OR RECYCLE HOT OR COLD PROCESS EXHAUST AIR
2.2444,2,USE HOT PROCESS FLUIDS TO PREHEAT INCOMING PROCESS FLUIDS
2.2447,2,HEAT WATER WITH EXHAUST HEAT
2.2449,2,"RECOVER HEAT FROM EXHAUSTED STEAM, HOT AIR OR HOT WATER"
2.249,2,Miscellaneous
2.2491,2,USE COOLING AIR WHICH COOLS HOT WORK PIECES FOR SPACE HEATING
2.2492,2,USE “HEAT WHEEL” OR OTHER HEAT EXCHANGER TO CROSS-EXCHANGE
2.25,2,HEAT CONTAINMENT
2.251,2,Insulation
2.2511,2,INSULATE BARE EQUIPMENT
2.2514,2,COVER OPEN TANKS 2.2515 USE OPTIMUM THICKNESS INSULATION
2.2515,2,USE OPTIMUM THICKNESS INSULATION
2.252,2,Isolation
2.2521,2,ISOLATE STEAM LINES TO AVOID HEATING AIR CONDITIONED AREAS
2.2522,2,ISOLATE HOT OR COLD EQUIPMENT
2.2523,2,REDUCE INFILTRATION; ISOLATE HOT EQUIPMENT FROM REFRIGERATED
2.2524,2,AVOID COOLING OF PROCESS STREAMS OR MATERIALS THAT MUST
2.2525,2,ELIMINATE COOLING OF PROCESS STREAMS WHICH SUBSEQUENTLY MUST
2.253,2,Infiltration
2.2531,2,RE-SIZE CHARGING OPENINGS OR ADD MOVABLE COVER OR DOOR
2.2532,2,USE ONLY AMOUNT OF AIR NECESSARY TO PREVENT EXPLOSION HAZARD
2.2533,2,REPLACE AIR CURTAIN DOORS WITH SOLID DOORS
21.1,21,13
2.26,2,COOLING
2.261,2,Cooling Towers
2.2611,2,MODERATE COOLING TOWER OUTLET TEMPERATURE
2.2612,2,USE COOLING TOWER WATER INSTEAD OF REFRIGERATION
2.2613,2,USE ANTIFREEZE IN COOLING TOWERS TO ALLOW WINTER USE
2.2614,2,USE COOLING TOWER OR ECONOMIZER TO REPLACE CHILLER COOLING
2.2615,2,CLEAN CONDENSER TUBES
2.262,2,Chillers and Refrigeration
2.2621,2,MODIFY REFRIGERATION SYSTEM TO OPERATE AT A LOWER PRESSURE
2.2622,2,REPLACE EXISTING CHILLER WITH HIGH EFFICIENCY MODEL
2.2623,2,MINIMIZE CONDENSER COOLING WATER TEMPERATURE
2.2624,2,USE COLD WASTE WATER TO COOL CHILLER FEED WATER
2.2625,2,CHILL WATER TO THE HIGHEST TEMPERATURE POSSIBLE
2.2626,2,AVOID FROST FORMATION ON EVAPORATORS
2.2627,2,USE MULTIPLE-EFFECT EVAPORATORS
2.2628,2,UTILIZE A LESS EXPENSIVE COOLING METHOD
2.269,2,Miscellaneous
2.2691,2,SHUT OFF COOLING IF COLD OUTSIDE AIR WILL COOL PROCESS
2.2692,2,USE OUTSIDE COLD WATER SOURCE AS A SUPPLY OF COOLING WATER
2.2693,2,USE WASTE HEAT STEAM FOR ABSORPTION REFRIGERATION
2.2694,2,USE HIGHEST TEMPERATURE FOR CHILLING OR COLD STORAGE
2.2695,2,USE CASCADE SYSTEM OF RECIRCULATING DURING COLD WEATHER TO
2.2696,2,USE EXCESS COLD PROCESS FLUID FOR INDUSTRIAL COOLING NEEDS
2.27,2,DRYING
2.271,2,Use of Air
2.2711,2,UTILIZE OUTSIDE AIR INSTEAD OF CONDITIONED AIR FOR DRYING
21.1,21,14
2.3,2,Electrical Power
2.31,2,DEMAND MANAGEMENT
2.311,2,Thermal Energy Storage
2.3111,2,HEAT WATER DURING OFF-PEAK PERIODS AND STORE FOR LATER USE
2.3112,2,STORE HEATED / COOLED WATER FOR USE DURING PEAK DEMAND
2.3113,2,MAKE ICE DURING OFF PEAK HOURS FOR COOLING
2.313,2,Scheduling
2.3131,2,RESCHEDULE PLANT OPERATIONS OR REDUCE LOAD TO AVOID PEAKS
2.3132,2,RECHARGE BATTERIES ON DURING OFF-PEAK DEMAND PERIODS
2.3133,2,CONSIDER THREE OR FOUR DAYS AROUND-THE-CLOCK OPERATION
2.3134,2,SHIFT FROM DAYTIME TO NIGHTTIME OPERATION
2.3135,2,SCHEDULE ROUTINE MAINTENANCE DURING NON-OPERATING PERIODS
2.3136,2,OVERLAP CUSTODIAL SERVICES WITH NORMAL DAY HOURS
2.3137,2,USE POWER DURING OFF-PEAK PERIODS
2.314,2,Battery Storage
2.3141,2,USE BATTERIES FOR DEMAND CONTROL
2.3142,2,USE BATTERIES FOR POWER QUALITY ISSUES
2.319,2,Miscellaneous
2.3191,2,USE DEMAND CONTROLLER OR LOAD SHEDDER
2.3192,2,USE FOSSIL FUEL POWERED GENERATOR DURING PEAK DEMAND PERIODS
2.32,2,POWER FACTOR
2.321,2,General
2.3212,2,OPTIMIZE PLANT POWER FACTOR
2.33,2,GENERATION OF POWER
2.331,2,DC
2.3311,2,REPLACE DC EQUIPMENT WITH AC EQUIPMENT
2.3312,2,INSTALL EFFICIENT RECTIFIERS
21.1,21,15
2.332,2,AC
2.3321,2,USE STEAM PRESSURE REDUCTION TO GENERATE POWER
2.3322,2,USE EXISTING DAM TO GENERATE ELECTRICITY
2.3323,2,INSTALL EMISSIONS CONTROLS TO INCREASE CAPACITY
2.34,2,COGENERATION
2.341,2,General
2.3411,2,REPLACE ELECTRIC MOTORS WITH BACK PRESSURE STEAM TURBINES
2.3412,2,USE WASTE HEAT TO PRODUCE STEAM TO DRIVE A STEAM TURBINE-
2.3413,2,BURN FOSSIL FUEL TO PRODUCE STEAM TO DRIVE A STEAM TURBINE-
2.3414,2,BURN WASTE TO PRODUCE STEAM TO DRIVE A STEAM TURBINE
2.3415,2,USE A FOSSIL FUEL ENGINE TO COGENERATE ELECTRICITY OR MOTIVE
2.3416,2,USE COMBINED CYCLE GAS TURBINE GENERATOR SETS WITH WASTE
2.3417,2,USE WASTE HEAT WITH A CLOSED-CYCLE GAS TURBINE-GENERATOR SET
2.35,2,TRANSMISSION
2.351,2,Transformers
2.3511,2,USE PLANT OWNED TRANSFORMERS OR LEASE TRANSFORMERS
2.3512,2,DE-ENERGIZE EXCESS TRANSFORMER CAPACITY
2.3513,2,CONSIDER POWER LOSS AS WELL AS INITIAL LOADS AND LOAD GROWTH
2.352,2,Conductor Size
2.3521,2,REDUCE LOAD ON ELECTRICAL CONDUCTOR TO REDUCE HEATING LOSSES
2.3522,2,INCREASE ELECTRICAL CONDUCTOR SIZE TO REDUCE DISTRIBUTION
21.1,21,16
2.4,2,Motor Systems
2.41,2,MOTORS
2.411,2,Operation
2.4111,2,UTILIZE ENERGY-EFFICIENT BELTS AND OTHER IMPROVED MECHANISMS
2.4112,2,INSTALL SOFT-START TO ELIMINATE NUISANCE TRIPS
2.4113,2,INSTALL MOTOR VOLTAGE CONTROLLER ON LIGHTLY LOADED MOTORS
2.413,2,Hardware
2.4132,2,SIZE ELECTRIC MOTORS FOR PEAK OPERATING EFFICIENCY
2.4133,2,USE MOST EFFICIENT TYPE OF ELECTRIC MOTORS
2.4134,2,REPLACE ELECTRIC MOTOR WITH FOSSIL FUEL ENGINE
2.414,2,Motor System Drives
2.4145,2,INSTALL ISOLATION TRANSFORMER ON ADJUSTABLE FREQUENCY DRIVE
2.4146,2,USE ADJUSTABLE FREQUENCY DRIVE OR MULTIPLE SPEED MOTORS ON
2.415,2,Motor Maintenance/Repair
2.4151,2,DEVELOP A REPAIR/REPLACE POLICY
2.4152,2,USE ONLY CERTIFIED MOTOR REPAIR SHOPS
2.4153,2,AVOID EMERGENCY REWIND OF MOTORS
2.4154,2,AVOID REWINDING MOTORS MORE THAN TWICE
2.4155,2,STANDARDIZE MOTOR INVENTORY
2.4156,2,ESTABLISH A PREVENTATIVE MAINTENANCE PROGRAM
2.4157,2,ESTABLISH A PREDICTIVE MAINTENANCE PROGRAM
2.42,2,AIR COMPRESSORS
2.422,2,Hardware
2.4221,2,INSTALL COMPRESSOR AIR INTAKES IN COOLEST LOCATIONS
2.4222,2,INSTALL ADEQUATE DRYERS ON AIR LINES TO ELIMINATE BLOWDOWN
2.4223,2,INSTALL DIRECT ACTING UNITS IN PLACE OF COMPRESSED AIR PRESSURE
2.4224,2,UPGRADE CONTROLS ON COMPRESSORS
2.4225,2,INSTALL COMMON HEADER ON COMPRESSORS
2.4226,2,USE / PURCHASE OPTIMUM SIZED COMPRESSOR
2.4227,2,USE COMPRESSOR AIR FILTERS
21.1,21,17
2.423,2,Operations
2.4231,2,REDUCE THE PRESSURE OF COMPRESSED AIR TO THE MINIMUM REQUIRED
2.4234,2,COOL COMPRESSOR AIR INTAKE WITH HEAT EXCHANGER
2.4235,2,REMOVE OR CLOSE OFF UNNEEDED COMPRESSED AIR LINES
2.4236,2,ELIMINATE LEAKS IN INERT GAS AND COMPRESSED AIR LINES/ VALVES
2.4237,2,SUBSTITUTE COMPRESSED AIR COOLING WITH WATER OR AIR COOLING
2.4238,2,DO NOT USE COMPRESSED AIR FOR PERSONAL COOLING
2.4239,2,ELIMINATE OR REDUCE COMPRESSED AIR USAGE
2.43,2,OTHER EQUIPMENT
2.431,2,Operations
2.4311,2,RECOVER MECHANICAL ENERGY
2.4312,2,IMPROVE LUBRICATION PRACTICES
2.4313,2,PROVIDE PROPER MAINTENANCE / OF MOTOR DRIVEN EQUIPMENT
2.4314,2,USE SYNTHETIC LUBRICANT
2.432,2,Hardware
2.4321,2,UPGRADE OBSOLETE EQUIPMENT
2.4322,2,USE OR REPLACE WITH ENERGY EFFICIENT SUBSTITUTES
2.4323,2,USE OPTIMUM SIZE AND CAPACITY EQUIPMENT
2.4324,2,REPLACE HYDRAULIC / PNEUMATIC EQUIPMENT WITH ELECTRIC
2.4325,2,UPGRADE CONVEYORS
21.1,21,18
2.5,2,Industrial Design
2.51,2,SYSTEMS
2.511,2,Thermal
2.5111,2,CONVERT FROM INDIRECT TO DIRECT FIRED SYSTEMS
2.5112,2,USE CONTINUOUS EQUIPMENT WHICH RETAINS PROCESS HEATING
2.5113,2,USE DIRECT FLAME IMPINGEMENT OR INFRARED PROCESSING FOR
2.5114,2,USE SHAFT TYPE FURNACES FOR PREHEATING INCOMING MATERIAL
2.5115,2,REPOSITION OVEN WALLS TO REDUCE HEATED SPACE
2.5117,2,CONVERT TO INDIRECT TEMPERATURE CONTROL SYSTEM
2.512,2,Mechanical
2.5121,2,REDESIGN FLOW TO MINIMIZE MASS TRANSFER LENGTH
2.5122,2,"REPLACE HIGH RESISTANCE DUCTS, PIPES, AND FITTINGS"
2.5123,2,REDUCE FLUID FLOW RATES
2.5124,2,USE GRAVITY FEEDS WHEREVER POSSIBLE
2.5125,2,SIZE AIR HANDLING GRILLS/ DUCTS COILS TO MINIMIZE AIR RESISTANCE
2.519,2,Miscellaneous
2.5191,2,MODIFY DYE BECK
2.5192,2,MODIFY TEXTILE DRYERS
2.5193,2,CONVERT FROM BATCH TO CONTINUOUS OPERATION
2.5194,2,REDESIGN PROCESS
2.5195,2,CHANGE PRODUCT DESIGN TO REDUCE ENERGY REQUIREMENTS
2.5196,2,USE SMALL NUMBER OF HIGH OUTPUT UNITS INSTEAD OF MANY SMALL
21.1,21,19
2.6,2,Operations
2.61,2,MAINTENANCE
2.612,2,General
2.6121,2,REDUCE HOT WATER TEMPERATURE TO THE MINIMUM REQUIRED
2.6122,2,ADJUST VENTS TO MINIMIZE ENERGY USE
2.6123,2,REMOVE UNNEEDED SERVICE LINES TO ELIMINATE POTENTIAL LEAKS
2.6124,2,ESTABLISH EQUIPMENT MAINTENANCE SCHEDULE
2.6125,2,KEEP EQUIPMENT CLEAN
2.6126,2,KEEP SOLID FUELS / RAW MATERIALS DRY
2.6127,2,MAINTAIN AIR FILTERS BY CLEANING OR REPLACEMENT
2.62,2,EQUIPMENT CONTROL
2.621,2,Equipment Use Reduction
2.6211,2,CONSERVE ENERGY BY EFFICIENT USE OF VENDING MACHINES
2.6212,2,"TURN OFF EQUIPMENT DURING BREAKS, REDUCE OPERATING TIME"
2.6213,2,TURN OFF STEAM / HOT WATER LINES LEADING TO SPACE HEATING UNITS
2.6214,2,SHUT OFF PILOTS IN STANDBY EQUIPMENT
2.6215,2,SHUT OFF AIR CONDITIONING IN WINTER HEATING SEASON
2.6218,2,TURN OFF EQUIPMENT WHEN NOT IN USE
2.622,2,Equipment Scheduling
2.6221,2,USE MOST EFFICIENT EQUIPMENT AT ITS MAXIMUM CAPACITY AND LESS
2.6222,2,USE DRYING OVEN (BATCH TYPE) ON ALTERNATE DAYS OR OTHER
2.6223,2,SCHEDULE USE OF ELEVATORS TO CONSERVE ENERGY
2.6224,2,SCHEDULE BAKING TIMES OF SMALL AND LARGE COMPONENTS
2.6225,2,ELIMINATE THIRD SHIFT
2.6226,2,OPTIMIZE FILTRATION CLEANING/ REPLACEMENT TO MINIMIZE AIR
2.623,2,Equipment Automation
2.6231,2,UTILIZE CONTROLS TO OPERATE EQUIPMENT ONLY WHEN NEEDED
2.6232,2,INSTALL SET-BACK TIMERS
2.624,2,Load Reduction
2.6241,2,REDUCE TEMPERATURE OF PROCESS EQUIPMENT WHEN ON STANDBY
2.6242,2,MINIMIZE OPERATION OF EQUIPMENT MAINTAINED IN STANDBY
21.1,21,20
2.7,2,Building and Grounds
2.71,2,LIGHTING
2.711,2,Level
2.7111,2,REDUCE ILLUMINATION TO MINIMUM NECESSARY LEVELS
2.712,2,Operation
2.7121,2,UTILIZE DAYLIGHT WHENEVER POSSIBLE IN LIEU OF ARTIFICIAL LIGHT
2.7122,2,DISCONNECT BALLASTS
2.7123,2,KEEP LAMPS AND REFLECTORS CLEAN
2.7124,2,MAKE A PRACTICE OF TURNING OFF LIGHTS WHEN NOT NEEDED
2.713,2,Controls
2.7131,2,ADD AREA LIGHTING SWITCHES
2.7132,2,INSTALL TIMERS ON LIGHT SWITCHES IN LITTLE USED AREAS
2.7133,2,USE SEPARATE SWITCHES ON PERIMETER LIGHTING WHICH MAY BE
2.7134,2,USE PHOTOCELL CONTROLS
2.7135,2,INSTALL OCCUPANCY SENSORS
2.714,2,Hardware
2.7141,2,LOWER LIGHT FIXTURES IN HIGH CEILING AREAS
2.7142,2,UTILIZE HIGHER EFFICIENCY LAMPS AND/OR BALLASTS
2.7144,2,INSTALL SPECTRAL REFLECTORS / DELAMP
2.7145,2,INSTALL SKYLIGHTS
2.72,2,SPACE CONDITIONING
2.721,2,Maintenance
2.7211,2,CLEAN AND MAINTAIN REFRIGERANT CONDENSERS AND TOWERS
2.7212,2,INSTALL OR UPGRADE INSULATION ON HVAC DISTRIBUTION SYSTEMS
2.722,2,Operation
2.7221,2,LOWER TEMPERATURE DURING THE WINTER SEASON AND VICE-VERSA
2.7224,2,REDUCE SPACE CONDITIONING DURING NON-WORKING HOURS
2.7225,2,CLOSE OUTDOOR AIR DAMPERS DURING WARM-UP / COOL-DOWN PERIODS
2.7226,2,USE COMPUTER PROGRAMS TO OPTIMIZE HVAC PERFORMANCE
2.7227,2,USE WATER ON AIR CONDITIONING EXCHANGER
2.7228,2,"AVOID INTRODUCING HOT, HUMID, OR DIRTY AIR INTO HVAC SYSTEM"
2.7229,2,AIR CONDITION ONLY SPACE NECESSARY
21.1,21,21
2.723,2,Hardware - Heating / Cooling
2.7231,2,USE RADIANT HEATER FOR SPOT HEATING
2.7232,2,REPLACE EXISTING HVAC UNIT WITH HIGH EFFICIENCY MODEL
2.7233,2,USE PROPERLY DESIGNED AND SIZED HVAC EQUIPMENT
2.7234,2,USE HEAT PUMP FOR SPACE CONDITIONING
2.7235,2,INSTALL FOSSIL FUEL MAKE-UP AIR UNIT
2.724,2,Hardware - Air Circulation
2.7241,2,INSTALL OUTSIDE AIR DAMPER / ECONOMIZER ON HVAC UNIT
2.7242,2,CHANGE ZONE REHEAT COILS TO VARIABLE AIR VOLUME BOXES
2.7243,2,IMPROVE AIR CIRCULATION WITH DESTRATIFICATION FANS / OTHER
2.7244,2,REVISE SMOKE CLEANUP FROM OPERATIONS
2.7245,2,USE DIRECT AIR SUPPLY TO EXHAUST HOODS
2.725,2,Evaporation
2.7251,2,REDUCE AIR CONDITIONING LOAD BY EVAPORATING WATER FROM ROOF
2.7252,2,UTILIZE AN EVAPORATIVE AIR PRE-COOLER OR OTHER HEAT EXCHANGER
2.726,2,Controls
2.7261,2,INSTALL TIMERS AND/OR THERMOSTATS
2.7262,2,SEPARATE CONTROLS OF AIR HANDLERS FROM AC/ HEATING SYSTEMS
2.7263,2,LOWER COMPRESSOR PRESSURE THROUGH A/C SYSTEM MODIFICATION
2.7264,2,INTERLOCK HEATING AND AIR CONDITIONING SYSTEMS TO PREVENT
2.727,2,Humidity Control
2.7271,2,REPLACE ELECTRIC REHEAT WITH HEAT PIPES
2.7272,2,INSTALL HEAT PIPES / RAISE COOLING SETPOINT
2.7273,2,INSTALL DESICCANT HUMIDITY CONTROL SYSTEM
2.729,2,Miscellaneous
2.7291,2,RESCHEDULE AND REARRANGE MULTIPLE-SOURCE HEATING SYSTEMS
2.7292,2,LOWER CEILING TO REDUCE CONDITIONED SPACE
2.7293,2,MODIFY SPRINKLER SYSTEM TO REDUCE HEATING REQUIREMENTS
21.1,21,22
2.73,2,VENTILATION
2.731,2,General
2.7311,2,VENTILATION SYSTEM TO SHUT OFF WHEN ROOM IS NOT IN USE
2.7312,2,MINIMIZE USE OF OUTSIDE MAKE-UP AIR FOR VENTILATION EXCEPT
2.7313,2,"RECYCLE AIR FOR HEATING, VENTILATION AND AIR CONDITIONING"
2.7314,2,REDUCE VENTILATION AIR
2.7316,2,"CENTRALIZE CONTROL OF EXHAUST FANS TO ENSURE THEIR SHUTDOWN,"
2.74,2,BUILDING ENVELOPE
2.742,2,Solar Loading
2.7421,2,REDUCE GLAZED AREAS IN BUILDINGS
2.7422,2,PLANT TREES OR SHRUBS NEAR WINDOWS TO SHIELD FROM SUNLIGHT
2.7423,2,REDUCE HEAT GAIN BY WINDOW TINTING
2.7424,2,SHADE WINDOWS FROM SUMMER SUN
2.7425,2,CLEAN OR COLOR ROOF TO REDUCE SOLAR LOAD
2.744,2,Infiltration
2.7441,2,REPLACE BROKEN WINDOWS AND/OR WINDOW SASH
2.7442,2,KEEP DOORS AND WINDOWS SHUT WHEN NOT ON USE
2.7444,2,CLOSE HOLES AND OPENINGS IN BUILDING SUCH AS BROKEN WINDOWS
2.7446,2,UTILIZE SENSORS CONTROLLING ROOF AND WALL OPENINGS
2.7447,2,INSTALL VINYL STRIP / HIGH SPEED / AIR CURTAIN DOORS
2.749,2,Miscellaneous
2.7491,2,"INSULATE GLAZING, WALLS, CEILINGS, AND ROOFS"
2.7492,2,USE PROPER THICKNESS OF INSULATION ON BUILDING ENVELOPE
2.7493,2,USE DOUBLE OR TRIPLE GLAZED WINDOWS TO MAINTAIN HIGHER
2.7494,2,INSTALL STORM WINDOWS AND DOORS
2.7495,2,INSTALL REPLACEMENT DOORS
2.7496,2,INSTALL PARTITIONS TO REDUCE SIZE OF CONDITIONED SPACE
21.1,21,23
2.8,2,Ancillary Costs
2.81,2,ADMINISTRATIVE
2.811,2,Utility Costs
2.8112,2,COMBINE UTILITY METERS
2.8113,2,PURCHASE GAS DIRECTLY FROM A CONTRACT GAS SUPPLIER
2.8114,2,CHANGE RATE SCHEDULES OR OTHER CHANGES IN UTILITY SERVICE
2.8115,2,BASE UTILITY CHARGES ON USAGE RATHER THAN AREA OCCUPIED
2.8117,2,INSTALL SUB-METERING EQUIPMENT
2.8118,2,CHECK FOR ACCURACY OF UTILITY/POWER METERS
2.812,2,Fiscal
2.8121,2,APPLY FOR TAX-FREE STATUS FOR ENERGY PURCHASES
2.8122,2,USE UTILITY CONTROLLED POWER MANAGEMENT
2.8123,2,PAY UTILITY BILLS ON TIME
2.8124,2,HIRE ENERGY MANAGER
2.82,2,"SHIPPING, DISTRIBUTION, AND TRANSPORTATION"
2.821,2,Shipping
2.8211,2,CONSOLIDATE FREIGHT SHIPMENTS AND/OR DELIVERIES
2.8212,2,REDUCE DELIVERY SCHEDULES
2.822,2,Vehicles
2.8221,2,CONSIDER INTERMEDIATE OR ECONOMY SIZE AUTOS / TRUCKS
2.8222,2,SIZE TRUCKS TO JOB
2.8223,2,ADD AIR SHIELDS TO TRUCKS TO INCREASE FUEL MILEAGE
2.8226,2,INCREASE EFFICIENCY OF TRUCKS
2.8227,2,ADJUST / MAINTAIN FORK LIFT TRUCKS FOR MOST EFFICIENT OPERATION
21.1,21,24
2.9,2,Alternative Energy Usage
2.91,2,GENERAL
2.911,2,Solar
2.9111,2,USE SOLAR HEAT TO HEAT MAKE-UP AIR
2.9112,2,USE SOLAR HEAT TO HEAT WATER
2.9113,2,USE SOLAR HEAT FOR HEAT
2.9114,2,USE SOLAR HEAT TO MAKE ELECTRICITY
2.912,2,Wind Power
2.9121,2,INSTALL WIND POWERED ELECTRIC GENERATOR
2.913,2,Hydrogen
2.9131,2,INSTALL FUEL CELL TO UTILIZE WASTE HYDROGEN
2.914,2,Biofuels
2.9141,2,INSTALL ANAEROBIC DIGESTER
21.1,21,25
3.1,3,Operations
3.11,3,PROCEDURES
3.111,3,Process Specific
3.1111,3,COVER INK CONTAINERS WHEN NOT IN USE
3.1114,3,REUSE HIGH FERROUS METAL DUST AS RAW MATERIAL
3.112,3,Material Application
3.1121,3,USE MORE EFFICIENT ADHESIVE APPLICATORS
3.113,3,Stripping
3.1131,3,USE MECHANICAL STRIPPING METHODS
3.115,3,Desulfurization / Slag Management
3.1152,3,USE HIGH QUALITY SCRAP (LOW SULFUR) TO REDUCE HAZARDOUS
3.1154,3,USE AN ALTERNATIVE DESULFURIZING AGENT TO ELIMINATE
3.116,3,Reduction / Elimination
3.1161,3,ELIMINATE/REDUCE AN OPERATION
3.1162,3,USE LESS WASTEFUL PACKAGING
3.1163,3,USE PLASTIC PALLETS INSTEAD OF WOOD
3.117,3,Product Specifications
3.1171,3,CHANGE PRODUCT SPECS
3.1172,3,REVISE RAW MATERIAL SPECS
3.1175,3,USE A DIFFERENT OR RECYCLE RAW MATERIAL
3.118,3,By-product Use
3.1181,3,ELIMINATE A BY-PRODUCT
3.1182,3,MAKE A NEW BY-PRODUCT
21.1,21,26
3.119,3,Miscellaneous
3.1191,3,CHANGE PROCEDURES / EQUIPMENT / OPERATING CONDITIONS
3.1192,3,REDUCE SCRAP PRODUCTION
3.1193,3,CONVERT FROM BATCH OPERATION TO CONTINUOUS PROCESSING
3.1194,3,USE AUTOMATIC FLOW CONTROL
3.12,3,WASTE STREAM CONTAMINATION
3.122,3,Rinsing Strategies
3.1221,3,USE REACTIVE RINSING
3.1222,3,REDUCE WATER USE WITH COUNTERCURRENT RINSING
3.1223,3,USE FOG NOZZLES / SPRAY RINSING INSTEAD OF IMMERSION RINSING
3.1227,3,USE COUNTERCURRENT RINSING TO REDUCE RINSE WATER VOLUME
3.124,3,Dragout Reduction
3.1241,3,SLOW INSERTION / WITHDRAWAL OF PARTS FROM DEGREASING TANK
3.1242,3,ALLOW DRAINAGE BEFORE WITHDRAWING OBJECT
3.1244,3,REDUCE SOLUTION DRAG-OUT TO PREVENT SOLUTION LOSS
3.129,3,Miscellaneous
3.1291,3,ELIMINATE PRACTICE OF MIXING WASTE STREAMS
3.1293,3,SEPARATE TREATMENTS FOR EACH TYPE OF SOLUTION AND RECYCLE
3.1294,3,SEGREGATE SPENT SOLVENTS AND REUSE IN SUBSEQUENT WASHINGS
21.1,21,27
3.2,3,Equipment
3.21,3,GENERAL
3.211,3,Fault Tolerance
3.2111,3,INSTALL REDUNDANT EQUIPMENT TO AVOID LOSSES CAUSED BY
3.212,3,Painting Operations
3.2121,3,CONVERT TO ELECTROSTATIC POWDER COATING
3.2123,3,CONVERT TO HIGH VOLUME LOW PRESSURE (HVLP) PAINT GUNS
3.2124,3,CONVERT TO AIR ASSISTED / AIRLESS PAINT GUNS
3.213,3,Process Specific Upgrades
3.2135,3,EXTEND SOLUTION LIFE WITH FILTERING OR CARBONATE FREEZING
3.2136,3,"USE ""WASH-LESS"" PROCESSING EQUIPMENT"
3.214,3,Tank Design
3.2141,3,USE CYLINDRICAL TANKS WITH HEIGHT TO DIAMETER RATIOS CLOSE TO
3.2142,3,USE TANKS WITH A CONICAL BOTTOM OUTLET SECTION TO REDUCE
3.216,3,System Monitoring
3.2161,3,CLOSELY MONITOR CHEMICAL ADDITIONS TO INCREASE BATH LIFE
3.217,3,Automation
3.2171,3,USE AN AUTOMATIC PLATE PROCESSOR
3.2172,3,USE AUTOMATIC CLEANING EQUIPMENT
3.2173,3,CONVERT TO ROBOTIC PAINTING
3.2176,3,INCREASE USE OF AUTOMATION
21.1,21,28
3.3,3,Post Generation Treatment / Minimization
3.31,3,GENERAL
3.311,3,Neutralization
3.3111,3,ADJUST PH FOR NEUTRALIZATION
3.3112,3,UTILIZE OXIDATION/REDUCTION FOR NEUTRALIZATION
3.3113,3,USE OTHER METHODS FOR NEUTRALIZATION
3.312,3,Removal of Contaminants
3.3121,3,"USE SCREENING, MAGNETIC SEPARATION TO REMOVE CONTAMINANTS"
3.3122,3,"USE FILTRATION, CENTRIFUGING TO REMOVE CONTAMINANTS"
3.3123,3,"USE DECANTING, FLOTATION TO REMOVE CONTAMINANTS"
3.3125,3,"USE DISTILLATION, EVAPORATION TO REMOVE CONTAMINANTS"
3.3126,3,"USE ABSORPTION, EXTRACTION TO REMOVE CONTAMINANTS"
3.3127,3,"USE ADSORPTION, ION EXCHANGE TO REMOVE CONTAMINANTS"
3.3128,3,UTILIZE OTHER METHODS TO REMOVE CONTAMINANTS
3.313,3,Material Concentration
3.3131,3,USE EVAPORATION TO CONCENTRATE MATERIAL
3.3132,3,USE REVERSE OSMOSIS TO CONCENTRATE MATERIAL
3.3133,3,USE OTHER WASTE CONCENTRATION METHODS
21.1,21,29
3.4,3,Water Use
3.41,3,GENERAL
3.411,3,Close Cycle Water Use
3.4111,3,USE CLOSED CYCLE PROCESS TO MINIMIZE WASTE WATER PRODUCTION
3.4112,3,"RECOVERY METALS FROM RINSE WATER (EVAP., ION EXCHANGE, RO,"
3.4113,3,TREAT AND REUSE RINSE WATERS
3.4114,3,REPLACE CITY WATER WITH RECYCLED WATER VIA COOLING TOWER
3.4115,3,RECOVER AND REUSE COOLING WATER
3.4116,3,METER RECYCLED WATER (TO REDUCE SEWER CHARGES)
3.413,3,Water Quality
3.4131,3,MINIMIZE CONTAMINATION OF WATER BEFORE TREATMENT
3.4132,3,USE DEIONIZED WATER IN UPSTREAM RINSE TANKS
3.4133,3,CLEAN FOULING FROM WATER LINES REGULARLY
3.414,3,Water Treatment
3.4141,3,REPLACE THE CHLORINATION STAGE WITH AN OXYGEN OR OZONE STAGE
3.4144,3,PERFORM HIGH CONSISTENCY GAS PHASE CHLORINATION
3.4145,3,USE MAGNETIC TECHNOLOGY TO TREAT WATER
3.4146,3,CHANGE METHOD OF DEIONIZED WATER PRODUCTION
3.415,3,Reduction
3.4151,3,MINIMIZE WATER USAGE
3.4152,3,CAREFULLY CONTROL WATER LEVEL IN MASS FINISHING EQUIPMENT
3.4153,3,USE COUNTERCURRENT RINSING TO REDUCE WASTE WATER
3.4154,3,ELIMINATE LEAKS IN WATER LINES AND VALVES
3.4155,3,SUB-METER / QUANTIFY WATER USE
3.4156,3,USE FLOW CONTROL VALVES ON EQUIPMENT TO OPTIMIZE WATER USE
3.4157,3,REPLACE WATER COOLING ON PROCESSES WITH AIR COOLING
3.4158,3,USE MINIMUM COOLING WATER TO BEARINGS
3.4159,3,REPLACE TREATED WATER WITH WELL / SURFACE WATER
21.1,21,30
3.5,3,Recycling
3.51,3,LIQUID WASTE
3.511,3,Oil
3.5111,3,FILTER AND REUSE HYDRAULIC OIL
3.5112,3,REPROCESS SPENT OILS ON SITE FOR RE-USE
3.5113,3,SELL OIL TO RECYCLER
3.512,3,Ink
3.5121,3,RECYCLE WASTE INK AND CLEANUP SOLVENT
3.513,3,White Water
3.5131,3,RECYCLE WHITE WATER
3.5132,3,REUSE RICH WHITE WATER IN OTHER APPLICATIONS
3.514,3,Miscellaneous
3.5142,3,TREAT AND REUSE EQUIPMENT CLEANING SOLUTIONS
3.5143,3,RETURN SPENT SOLUTIONS TO THE MANUFACTURER
3.5144,3,RECYCLE SPENT TANNING SOLUTION
3.5145,3,RECOVER AND REUSE SPENT ACID BATHS
3.5146,3,UTILIZE A CENTRAL COOLANT SYSTEM FOR CLEANING AND REUSE OF
3.52,3,SOLID WASTE
3.521,3,General
3.5211,3,REUSE SCRAP GLASS AS FEED STOCK
3.5212,3,"REGRIND, REUSE, OR SELL SCRAP PLASTIC PARTS"
3.5213,3,REUSE SCRAP PRINTED PAPER FOR MAKE-READY
3.5215,3,AVOID CONTAMINATION OF END PIECES AND REUSE AS FEED STOCK
3.5216,3,RECYCLE NON-FERROUS DUST
3.5217,3,REUSE / RECYCLE/ SELL PAPER PRODUCTS
3.5218,3,REUSE / RECYCLE/ SELL RUBBER PRODUCTS
3.522,3,Sand
3.5221,3,RECYCLE CASTING SAND
3.5222,3,"USE SAND FOR OTHER PURPOSES (EG CONSTRUCTION FILL, COVER FOR"
21.1,21,31
3.524,3,Metals
3.5241,3,SELL USED PLATES TO AN ALUMINUM RECYCLER
3.5242,3,RECOVER METALS FROM SPENT SOLUTIONS AND RECYCLE
3.5244,3,RECOVER METALS FROM CASTING SAND
3.5248,3,SEPARATE AND RECYCLE SCRAP METAL TO FOUNDRY OR FOR SALE
3.53,3,OTHER MATERIALS
3.531,3,General
3.5311,3,RECOVER AND REUSE WASTE MATERIAL
3.5313,3,INCREASE AMOUNT OF WASTE RECOVERED FOR RESALE
3.5314,3,USE IN-PROCESS RECYCLING WHENEVER POSSIBLE
3.5315,3,LEASE / PURCHASE BALER; SELL CARDBOARD TO RECYCLER
3.5316,3,CONTRACT A WOOD PALLET RECYCLING COMPANY
3.5317,3,SELL / OFFER BY-PRODUCT AS ANIMAL FEED
3.5318,3,RECYCLE FLUORESCENT LAMPS
21.1,21,32
3.6,3,Waste Disposal
3.61,3,GENERAL
3.611,3,Sludge Maintenance
3.6111,3,USE ALTERNATIVE FLOCCULENT TO MINIMIZE SLUDGE VOLUME
3.6112,3,USE FILTER AND DRYING OVEN TO REDUCE SLUDGE VOLUME
3.6113,3,REMOVE SLUDGE FROM TANKS ON A REGULAR BASIS
3.6114,3,USE PRECIPITATING AGENTS IN WASTEWATER TREATMENT THAT
3.612,3,Combustion of Waste Products
3.6121,3,BURN WASTE PAPER FOR HEAT
3.6122,3,INSTALL SOLID WASTE INCINERATOR FOR HEAT
3.6123,3,BURN WOOD BY-PRODUCTS FOR HEAT
3.6124,3,BURN WASTE OIL FOR HEAT
3.6125,3,SELL COMBUSTIBLE WASTE
3.6126,3,DIRECT WASTE GASSES TO BOILER COMBUSTION AIR
3.619,3,Miscellaneous
3.6192,3,USE A LESS EXPENSIVE METHOD OF WASTE REMOVAL
3.6193,3,INSTALL EQUIPMENT (E.G. COMPACTOR) TO REDUCE DISPOSAL COSTS
3.6194,3,SHIP HYDRAULIC OIL TO SECONDARY FUEL PROGRAM
21.1,21,33
3.7,3,Maintenance
3.71,3,CLEANING / DEGREASING
3.711,3,Mechanical Cleaning
3.7112,3,"USE SQUEEGEES, MOPS, AND VACUUMS FOR FLOOR CLEANING"
3.7115,3,"CLEAN LINES WITH “PIGS"" INSTEAD OF SOLVENTS / SOLUTIONS"
3.712,3,Reduction of Cleaning
3.7121,3,IMPROVE HANDLING PRACTICES
3.7122,3,MAXIMIZE PRODUCTION RUNS TO REDUCE CLEANING
3.7123,3,USE CONTINUOUS PROCESSING
3.7124,3,INSTALL DEDICATED MIXING EQUIPMENT TO OPTIMIZE REUSE OF USED
3.713,3,Rag Use
3.7131,3,USE A RAG RECYCLE SERVICE
3.7132,3,REUSE RAGS UNTIL COMPLETELY SOILED
3.7134,3,WASH AND REUSE RAGS ON-SITE
3.7135,3,MINIMIZE USE OF RAGS THROUGH WORKER TRAINING
3.7137,3,REPLACE CLOTH RAGS WITH PAPER TOWELS
3.714,3,Preventive Maintenance
3.7141,3,IMPROVE CLEANING EFFICIENCY BY MAINTAINING CLEANING SYSTEM
3.7142,3,USE CLEAN IN PLACE (CIP) SYSTEMS
3.7143,3,CLEAN EQUIPMENT IMMEDIATELY AFTER USE
3.719,3,Miscellaneous
3.7191,3,USE WATER BASED SPRAY ABRASIVES INSTEAD OF BAR ABRASIVES
3.7193,3,USE HIGH PRESSURE WASH SYSTEMS
3.7195,3,USE TEFLON LINED TANKS
3.7196,3,USE REUSABLE FILTERS
3.7197,3,USE ULTRASONIC CLEANING
3.7198,3,REDUCE / ELIMINATE USE OF DISPOSABLE PRODUCT
21.1,21,34
3.72,3,SPILLAGE
3.721,3,Operations
3.7211,3,MODIFY MATERIAL APPLICATION METHODS
3.7212,3,IMPROVED MATERIAL HANDLING (MIXING AND TRANSFER)
3.7214,3,REDUCE OR ELIMINATE WASTE
3.722,3,Hardware
3.7221,3,IMPROVE PROCESS CONTROL TO PREVENT SPILLS OF MATERIAL
3.7222,3,MINIMIZE OVERFLOWS BY INSTALLING LEVEL CONTROLS
3.7223,3,INSTALL SHROUDING ON MACHINES TO PREVENT SPLASHING
3.7224,3,USE PUMPS AND PIPING TO DECREASE THE FREQUENCY OF SPILLAGE
3.73,3,OTHER
3.731,3,Leak Reduction
3.7311,3,MAINTAIN MACHINES WITH TO REDUCE LEAKS
3.7312,3,IMPLEMENT A REGULAR MAINTENANCE PROGRAM TO REDUCE EMISSIONS
3.7313,3,ELIMINATE OXYGEN LOSS
3.739,3,Miscellaneous
3.7391,3,IMPLEMENT A MAINTENANCE PROGRAM TO KEEP RACKS AND TANKS
3.7392,3,APPLY A PROTECTIVE COATING TO RACKS AND TANKS
3.7393,3,IMPLEMENT A MACHINE AND COOLANT SUMP CLEANING PROGRAM TO
21.1,21,35
3.8,3,Raw Materials
3.81,3,SOLVENTS
3.811,3,Use Reduction
3.8113,3,PREVENT EXCESSIVE SOLVENT USAGE (OPERATOR TRAINING)
3.812,3,Emission Reduction
3.8121,3,COVER CONTAINERS TO MINIMIZE EVAPORATIVE LOSSES
3.8122,3,USE TIGHT-FITTING LIDS ON MATERIAL CONTAINERS TO REDUCE VOC
3.8124,3,INSTALL FLOATING COVERS ON TANKS OF VOLATILE MATERIALS TO
3.8125,3,REMOVE ROLLERS FROM THE MACHINES AND CLEAN IN A CLOSED
3.8126,3,USE FLUE GAS RECUPERATION TO REDUCE VOC
3.813,3,Material Replacement
3.8131,3,USE WATER-BASED ADHESIVES
3.8132,3,USE LESS TOXIC AND VOLATILE SOLVENT SUBSTITUTES
3.8133,3,CONVERT TO AQUEOUS CLEANING
3.8134,3,USE WATER-BASED CUTTING FLUIDS TO ELIMINATE NEED FOR SOLVENT
3.8135,3,USE LOW VOC OR WATER BASED PAINT
3.8136,3,SWITCH TO A SOLVENT THAT CAN BE CLEANED AND REUSED
3.8137,3,USE SOY OR WATER-BASED INKS
3.814,3,Solvent Recovery
3.8141,3,REGENERATE CLEANING SOLVENT ON-SITE AND REUSE
3.8142,3,DISTILL CONTAMINATED SOLVENTS FOR REUSE
3.8143,3,RECYCLE CLEANING SOLVENT AND REUSE
21.1,21,36
3.82,3,OTHER SOLUTIONS
3.821,3,Water-Based Substitutes
3.8211,3,CONVERT TO AQUEOUS CLEANING SYSTEM
3.8214,3,USE WATER-BASED DEVELOPERS AND FINISHERS
3.822,3,Other Substitutes
3.8221,3,"USE ALTERNATIVES FOR ACIDS / ALKALINE (WATER, STEAM, ABRASIVE)"
3.8224,3,CONVERT TO LESS TOXIC HYDROCARBON CLEANERS
3.8225,3,REPLACE HEXAVALENT CHROMIUM SOLUTIONS WITH TRIVALENT
3.8228,3,REPLACE HEAVY METAL REAGENTS WITH NON-HAZARDOUS REAGENTS
3.83,3,SOLIDS
3.831,3,General
3.8312,3,USE BUILDING MATERIALS WHICH REQUIRE LESS ENERGY TO PRODUCE
3.8314,3,PURCHASE HIGH MATERIALS IN RETURNABLE BULK CONTAINERS
21.1,21,37
4.1,4,Manufacturing Enhancements
4.11,4,BOTTLENECK REDUCTION
4.111,4,ADD EQUIPMENT/ OPERATORS TO REDUCE PRODUCTION BOTTLENECK
4.112,4,REPLACE OLD MACHINE WITH NEW AUTOMATIC MULTI-STATION TOOL
4.113,4,INSTALL REFRIGERATION SYSTEM TO COOL PRODUCT
4.114,4,ADD/MODIFY EQUIPMENT TO IMPROVE DRYING PROCESS
4.12,4,DEFECT REDUCTION
4.121,4,MAINTAIN CLEAN CONDITIONS BEFORE PAINTING
4.122,4,DEVELOP STANDARD PROCEDURES TO IMPROVE INTERNAL YIELDS
4.123,4,REDUCE DEFECTS BY REDUCING PRODUCT TIPPING
4.124,4,INSTALL CONTINUOUS LUBRICATION EQUIPMENT
4.126,4,INSTALL SENSORS TO DETECT DEFECTS
4.13,4,MATERIAL REDUCTION
4.131,4,MODIFY PROCESS TO REDUCE MATERIAL USE/COST
4.132,4,PURCHASE NEW EQUIPMENT TO REDUCE MATERIAL USE / COST
21.1,21,38
4.2,4,Purchasing
4.21,4,RAW MATERIALS
4.211,4,CONSIDER USE / PURCHASE OF BULK MATERIALS WHERE POSSIBLE
4.212,4,ADOPT IN-HOUSE MATERIAL GENERATION
4.213,4,PURCHASE MATERIAL FROM SUPPLIER IN CUSTOMIZED PACKAGING
4.214,4,PURCHASE APPROPRIATELY SIZED MATERIAL
4.22,4,ANCILLARY MATERIALS
4.221,4,USE ONLY AMOUNT OF PACKAGING MATERIAL NECESSARY
4.222,4,PURCHASE RECONDITIONED MATERIAL INSTEAD OF NEW
4.23,4,CAPITAL
4.231,4,PURCHASE EQUIPMENT INSTEAD OF LEASING
4.232,4,LEASE EQUIPMENT INSTEAD OF PURCHASING
4.3,4,Inventory
4.31,4,JUST IN TIME
4.311,4,SCHEDULE DELIVERIES ACCORDING TO DEMAND
4.32,4,OTHER INVENTORY CONTROLS
4.321,4,OPTIMIZE PRODUCTION LOT SIZES AND INVENTORIES
4.322,4,ELIMINATE OLD STOCK AND / OR MODIFY INVENTORY CONTROL
4.323,4,OPTIMIZE LOT SIZES TO REDUCE INVENTORY CARRYING COSTS
21.1,21,39
4.4,4,Labor Optimization
4.42,4,PRACTICES / PROCEDURES
4.421,4,MODIFY CURRENT INCENTIVE PROGRAM
4.422,4,UTILIZE OUTSIDE CONTRACTING
4.423,4,MOVE PRODUCT USING MECHANICAL MEANS
4.424,4,IMPROVE SPACE COMFORT CONDITIONING
4.425,4,ELIMINATE/REDUCE REDUNDANT INSPECTIONS
4.426,4,MODIFY WORKLOAD
4.43,4,TRAINING
4.431,4,TRAIN OPERATORS FOR MAXIMUM OPERATING EFFICIENCY
4.432,4,CROSS-TRAIN PERSONNEL TO AVOID LOST TIME
4.44,4,AUTOMATION
4.441,4,INSTALL AUTOMATIC PACKING EQUIPMENT
4.442,4,INSTALL MAGAZINES FOR TEMPORARY STORAGE
4.443,4,INSTALL AUTOMATIC BOILER FUEL FEED SYSTEM
4.444,4,INSTALL SYSTEM TO COLLECT SCRAP
4.445,4,INSTALL EQUIPMENT TO MOVE PRODUCT
4.446,4,AUTOMATE FINISHING PROCESS
4.447,4,AUTOMATE PAYROLL SYSTEM
4.448,4,INSTALL AUTOMATIC PART STORAGE / RETRIEVAL SYSTEM
4.45,4,SCHEDULING
4.451,4,ADD ADDITIONAL PRODUCTION SHIFT
4.452,4,ELIMINATE SHIFT
4.453,4,RESCHEDULE BREAKS TO ALLOW FOR CONTINUOUS PRODUCTION
4.454,4,MODIFY STARTUP/SHUTDOWN TIMES
4.46,4,MAINTENANCE
4.463,4,MODIFY FACILITY TO AVOID EXCESS MAINTENANCE COSTS
21.1,21,40
4.5,4,Space Utilization
4.51,4,FLOOR LAYOUT
4.511,4,EXPAND OPERATIONS INTO UNUSED SPACE
4.512,4,CONDENSE OPERATION INTO ONE BUILDING
4.513,4,REARRANGE EQUIPMENT LAYOUT TO REDUCE LABOR COSTS
4.514,4,REARRANGE EQUIPMENT LAYOUT TO REDUCE HANDLING COSTS
4.515,4,INSTALL SHELVES / RACKS TO UTILIZE UNUSED SPACE
4.52,4,RENTAL SPACE
4.521,4,CLEAR AND RENT EXISTING SPACE
4.522,4,MODIFY STORAGE SPACE TO AVOID RENTAL OF A WAREHOUSE
21.1,21,41
4.6,4,Reduction of Downtime
4.61,4,MAINTENANCE
4.611,4,BEGIN A PRACTICE OF PREDICTIVE / PREVENTATIVE MAINTENANCE
4.612,4,CONTRACT OUT MAINTENANCE
4.62,4,QUICK CHANGE
4.621,4,USE FIXTURES TO REDUCE MACHINE CHANGEOUT TIMES
4.622,4,INSTALL ROTATING CAROUSELS TO REDUCE SET-UP TIMES
4.623,4,EMPLOY MODULAR JIGS TO REDUCE PROCESS SET-UP TIME
4.624,4,HIRE ADDITIONAL PERSONNEL TO REDUCE CHANGE-OUT TIME
4.625,4,DEVELOP STANDARD OPERATING PROCEDURES
4.63,4,POWER CONDITIONING
4.631,4,INSTALL AN UNINTERRUPTIBLE POWER SUPPLY
4.632,4,CHANGE OPERATING CONDITIONS
4.64,4,ALARMS
4.641,4,ELIMINATE SHUTDOWNS OF CONTROLS DUE TO OVERHEATING
4.642,4,INSTALL SENSORS TO DETECT AND AVOID JAMS
4.65,4,OTHER EQUIPMENT
4.651,4,INSTALL BACKUP EQUIPMENT
4.652,4,REPLACE EXISTING EQUIPMENT WITH MORE SUITABLE SUBSTITUTES
4.653,4,MAINTAIN/ENLARGE A STOCK OF SPARE PARTS
21.1,21,42
4.66,4,SMART MANUFACTURING & INDUSTRIAL INTERNET OF
4.661,4,LEVEL ZERO – INSTALL CONTROL SYSTEMS FOR EXISTING EQUIPMENT
4.662,4,LEVEL ONE – ADD COMMUNICATION USING IIOT DEVICES TO EXISTING
4.663,4,LEVEL TWO – INSTALL CONTROL SYSTEM USING IIOT DEVICES WITH
4.664,4,LEVEL THREE - INSTALL OR MODIFY CONTROL SYSTEM WITH COMMUNICATION
4.7,4,Management Practices
4.71,4,TOTAL QUALITY MANAGEMENT
4.711,4,INITIATE A TOTAL QUALITY MANAGEMENT PROGRAM
4.712,4,UTILIZE JOB COSTING SOFTWARE
4.72,4,CERTIFICATIONS
4.721,4,INITIATE A PROGRAM TO ACQUIRE ISO CERTIFICATION
4.73,4,MARKETING
4.731,4,ADVERTISE PRODUCT OR SERVICE
4.8,4,Other Administrative Savings
4.81,4,TAXES
4.811,4,DEMOLISH OLD BUILDING TO REDUCE TAX AND INSURANCE BILLS
4.812,4,APPLY FOR INVESTMENT INCENTIVES
4.82,4,FEES
4.821,4,PAY BILLS ON TIME TO AVOID LATE FEES
21.1,21,43
